<?xml version="1.0" encoding="UTF-8"?>
<project-private xmlns="http://www.netbeans.org/ns/project-private/1">
    <editor-bookmarks xmlns="http://www.netbeans.org/ns/editor-bookmarks/2" lastBookmarkId="0"/>
    <open-files xmlns="http://www.netbeans.org/ns/projectui-open-files/2">
        <group>
            <file>file:/C:/Users/SALA%20A/Desktop/clase06-1bim-dlleon2/EjemplosArreglos/EjercicioArregloObjetosPOO/src/paquete01/Calificacion.java</file>
            <file>file:/C:/Users/SALA%20A/Desktop/clase06-1bim-dlleon2/EjemplosArreglos/EjercicioArregloObjetosPOO/src/paquete01/LibretaCalificacion.java</file>
            <file>file:/C:/Users/SALA%20A/Desktop/clase06-1bim-dlleon2/EjemplosArreglos/EjercicioArregloObjetosPOO/src/paquete03/EjemploTres.java</file>
            <file>file:/C:/Users/SALA%20A/Desktop/clase06-1bim-dlleon2/EjemplosArreglos/EjercicioArregloObjetosPOO/src/paquete02/Ejecutor.java</file>
        </group>
    </open-files>
</project-private>
